generation number, individual number, fitness, candidate
0, 0, 31.28, [2530, 21012, 21508, 15148, 24955, 22691, 22901, 6179, 20562, 4164, 6868, 18000, 7197, 6610, 7525, 14807, 11241, 7635, 12496, 1653]
0, 1, 30.65, [12802, 11472, 21847, 20562, 3652, 4164, 13929, 14373, 22691, 7444, 14807, 15933, 5131, 23293, 7197, 24955, 18894, 6830, 19423, 6512]
1, 0, 31.5, [2530, 21012, 7444, 21508, 15148, 7197, 22901, 1653, 6179, 22691, 20562, 6868, 4164, 7525, 11241, 18000, 14807, 6610, 12496, 7635]
1, 1, 31.28, [2530, 21012, 21508, 15148, 24955, 22691, 22901, 6179, 20562, 4164, 6868, 18000, 7197, 6610, 7525, 14807, 11241, 7635, 12496, 1653]
2, 0, 31.66, [2621, 21012, 11241, 7444, 14807, 7197, 21508, 22901, 1653, 15148, 12496, 6179, 22691, 4164, 6868, 7525, 20562, 18000, 6610, 7635]
2, 1, 31.5, [2530, 21012, 7444, 21508, 15148, 7197, 22901, 1653, 6179, 22691, 20562, 6868, 4164, 7525, 11241, 18000, 14807, 6610, 12496, 7635]
3, 0, 31.66, [2621, 21012, 11241, 7444, 14807, 7197, 21508, 22901, 1653, 15148, 12496, 6179, 22691, 4164, 6868, 7525, 20562, 18000, 6610, 7635]
3, 1, 30.87, [2621, 21012, 15148, 11241, 14807, 19446, 7444, 25346, 22901, 1653, 19423, 6868, 6179, 21508, 4164, 7525, 18000, 20562, 6610, 7635]
4, 0, 31.66, [2621, 21012, 11241, 7444, 14807, 7197, 21508, 22901, 1653, 15148, 12496, 6179, 22691, 4164, 6868, 7525, 20562, 18000, 6610, 7635]
4, 1, 31.59, [2621, 21012, 11241, 7444, 14807, 7197, 12851, 6868, 20562, 22901, 1653, 22691, 21508, 4164, 15148, 12496, 7525, 18000, 6610, 7635]
5, 0, 31.66, [2621, 21012, 11241, 7444, 14807, 7197, 21508, 22901, 1653, 15148, 12496, 6179, 22691, 4164, 6868, 7525, 20562, 18000, 6610, 7635]
5, 1, 31.51, [2621, 21012, 11241, 3824, 14807, 7197, 18894, 6610, 22691, 2654, 1653, 21508, 4164, 15148, 12496, 7525, 18000, 6868, 20562, 7635]
6, 0, 31.66, [2621, 21012, 11241, 7444, 14807, 7197, 21508, 22901, 1653, 15148, 12496, 6179, 22691, 4164, 6868, 7525, 20562, 18000, 6610, 7635]
6, 1, 31.36, [2621, 21012, 3652, 11241, 7444, 7197, 15148, 12365, 22901, 1653, 6179, 24955, 22691, 4164, 7525, 18000, 20562, 6868, 6610, 7635]
6, 2, 30.72, [2621, 21012, 14807, 11241, 7444, 7197, 2654, 17692, 22901, 1653, 6179, 21508, 22691, 4164, 7525, 18000, 20562, 6868, 6610, 7635]
7, 0, 31.66, [2621, 21012, 11241, 7444, 14807, 7197, 21508, 22901, 1653, 15148, 12496, 6179, 22691, 4164, 6868, 7525, 20562, 18000, 6610, 7635]
7, 1, 31.36, [2621, 7197, 21012, 4164, 11241, 14807, 2654, 7525, 22901, 1653, 20562, 22691, 6179, 21508, 15148, 12496, 18000, 6610, 6868, 7635]
7, 2, 30.99, [2621, 21012, 21508, 7444, 14807, 7197, 3372, 14540, 22901, 1653, 20562, 6610, 22691, 6179, 4164, 15148, 7525, 18000, 6868, 7635]
7, 3, 30.55, [2621, 21012, 12781, 7444, 14807, 7197, 11241, 12496, 22901, 1653, 6340, 20576, 22691, 6179, 4164, 15148, 12802, 18000, 6868, 7635]
8, 0, 31.66, [2621, 21012, 11241, 7444, 14807, 7197, 21508, 22901, 1653, 15148, 12496, 6179, 22691, 4164, 6868, 7525, 20562, 18000, 6610, 7635]
8, 1, 30.62, [2621, 21012, 11241, 7444, 12365, 7197, 22901, 6179, 6610, 22691, 1653, 21508, 4164, 15148, 12496, 7525, 18000, 6868, 20562, 7635]
8, 2, 30.5, [5131, 18778, 11241, 7444, 14807, 7197, 23293, 10350, 19114, 22901, 22691, 6179, 21508, 15148, 12496, 4164, 7525, 6868, 18000, 20562]
8, 3, 30.48, [2621, 21012, 11241, 7444, 14807, 7197, 1653, 6610, 7635, 22901, 25346, 6179, 21508, 15148, 12496, 4164, 7525, 6868, 18000, 20562]
8, 4, 30.46, [2621, 19114, 11241, 7444, 14807, 7197, 12781, 21847, 17692, 22691, 1653, 21508, 4164, 15148, 12496, 7525, 18000, 5131, 20562, 7635]
9, 0, 31.66, [2621, 21012, 11241, 7444, 14807, 7197, 21508, 22901, 1653, 15148, 12496, 6179, 22691, 4164, 6868, 7525, 20562, 18000, 6610, 7635]
9, 1, 31.59, [2621, 21012, 7444, 11241, 14807, 7197, 25758, 7525, 22901, 45, 22691, 6179, 21508, 4164, 15148, 18000, 20562, 6610, 6868, 7635]
9, 2, 31.54, [2621, 4755, 21012, 14807, 11241, 7444, 1293, 7635, 22901, 1653, 22691, 6179, 21508, 4164, 15148, 12496, 18000, 6868, 20562, 6610]
9, 3, 31.54, [26039, 21012, 3283, 11241, 14807, 12365, 12496, 19645, 22901, 1653, 22691, 6179, 21508, 4164, 15148, 18000, 20562, 6610, 6868, 7635]
9, 4, 30.97, [2621, 14807, 21012, 7197, 11241, 7444, 3652, 4834, 22901, 1653, 22691, 6179, 21508, 4164, 15148, 12496, 18000, 6868, 20562, 6610]
9, 5, 30.74, [2621, 21012, 17655, 7444, 14807, 7197, 2741, 22691, 22901, 1653, 6179, 21508, 7525, 15148, 12496, 18000, 25346, 6610, 6868, 7635]
10, 0, 31.66, [2621, 21012, 11241, 7444, 14807, 7197, 21508, 22901, 1653, 15148, 12496, 6179, 22691, 4164, 6868, 7525, 20562, 18000, 6610, 7635]
10, 1, 31.53, [2621, 21012, 25758, 7444, 19423, 7197, 11241, 14807, 22691, 22901, 21508, 6179, 7525, 4164, 15148, 18000, 20562, 6610, 6868, 7635]
10, 2, 31.37, [2621, 21012, 1653, 11241, 7444, 7197, 45, 14807, 2212, 22691, 21508, 6179, 4164, 15148, 7525, 18000, 6868, 20562, 6610, 7635]
10, 3, 31.29, [2621, 21012, 22901, 11241, 14807, 7197, 7444, 12496, 20562, 1653, 19446, 21508, 22691, 4164, 15148, 7525, 18000, 6868, 6610, 7635]
10, 4, 31.13, [2621, 21012, 5210, 11241, 11472, 7197, 7444, 6340, 231, 1653, 6179, 21508, 22691, 4164, 15148, 7525, 18000, 6868, 6610, 7635]
10, 5, 30.81, [2621, 21012, 15148, 11241, 14807, 7197, 7444, 12496, 6868, 1653, 22901, 9785, 6179, 23293, 22691, 4164, 7525, 18000, 20562, 6610]
10, 6, 30.68, [2621, 21012, 25346, 11241, 14807, 7197, 7444, 17655, 18894, 1653, 4834, 7635, 6179, 21508, 22691, 4164, 7525, 18000, 20562, 6610]
11, 0, 31.66, [2621, 21012, 11241, 7444, 14807, 7197, 21508, 22901, 1653, 15148, 12496, 6179, 22691, 4164, 6868, 7525, 20562, 18000, 6610, 7635]
11, 1, 31.38, [2621, 21012, 25758, 12496, 7444, 7197, 14807, 6179, 21508, 11241, 22901, 22691, 4164, 7525, 15148, 18000, 20562, 6610, 570, 7635]
11, 2, 31.36, [2621, 21012, 25758, 12496, 7444, 7197, 14807, 6179, 21508, 11241, 2654, 22691, 4164, 7525, 15148, 18000, 20562, 6610, 6868, 7635]
11, 3, 31.31, [2621, 21012, 1653, 11241, 13929, 7197, 19423, 14807, 22901, 6179, 21508, 22691, 4164, 15148, 7525, 18000, 6868, 20562, 6610, 7635]
11, 4, 31.25, [2621, 21012, 7444, 11241, 6512, 14807, 5131, 7197, 22691, 1653, 22901, 6179, 4164, 7525, 15148, 12496, 18000, 20562, 6610, 7635]
11, 5, 31.04, [2621, 21847, 12781, 11241, 21508, 14807, 17807, 7197, 13929, 1653, 22901, 6179, 4164, 7525, 15148, 12496, 18000, 20562, 6610, 7635]
11, 6, 30.92, [2621, 14379, 1653, 11241, 7444, 7197, 19423, 14807, 22901, 6179, 21508, 22691, 4164, 15148, 7525, 18000, 6868, 20562, 6610, 7635]
11, 7, 30.65, [2621, 21012, 1653, 45, 11241, 7197, 7444, 22901, 14807, 14766, 21508, 6179, 4164, 7525, 15148, 18000, 20562, 6868, 6610, 7635]
12, 0, 31.66, [2621, 21012, 11241, 7444, 14807, 7197, 21508, 22901, 1653, 15148, 12496, 6179, 22691, 4164, 6868, 7525, 20562, 18000, 6610, 7635]
12, 1, 31.63, [2621, 21012, 13929, 14807, 12496, 7197, 2654, 11241, 6179, 21508, 22691, 22901, 4164, 7525, 15148, 18000, 20562, 6610, 7635, 570]
12, 2, 31.24, [2621, 12802, 21012, 13929, 11241, 45, 14807, 7197, 3652, 1653, 22691, 6179, 4164, 7525, 12496, 18000, 20562, 6868, 6610, 7635]
12, 3, 31.13, [2621, 21012, 1653, 11241, 14807, 7197, 7444, 570, 22901, 6179, 21508, 22691, 4164, 7525, 15148, 12496, 18000, 3652, 6610, 7635]
12, 4, 31.1, [2621, 21012, 25758, 6868, 12496, 7197, 7444, 14807, 6179, 21508, 22691, 22901, 4164, 13929, 11241, 15148, 18000, 20562, 6610, 7635]
12, 5, 30.87, [2621, 21012, 25758, 1653, 12496, 7197, 7444, 14807, 6179, 21508, 3652, 4164, 7525, 11241, 15148, 18000, 20562, 6610, 6868, 7635]
12, 6, 30.74, [2621, 7444, 21012, 21508, 3652, 17807, 14807, 7197, 22901, 1653, 22691, 6179, 4164, 7525, 12496, 18000, 20562, 6868, 6610, 7635]
12, 7, 30.63, [2621, 21012, 25758, 17600, 12496, 7197, 7444, 45, 6179, 21508, 22691, 22901, 4164, 7525, 15148, 14379, 20562, 6610, 7635, 570]
12, 8, 30.59, [2621, 21012, 22901, 11241, 7444, 7197, 2654, 14807, 6179, 21508, 22691, 4164, 14379, 12496, 7525, 6868, 18000, 20562, 6610, 7635]
13, 0, 31.88, [2621, 21012, 13929, 14807, 2654, 7197, 6868, 24718, 22691, 6179, 21508, 11241, 4164, 22901, 7525, 15148, 18000, 20562, 6610, 7635]
13, 1, 31.66, [2621, 21012, 11241, 7444, 14807, 7197, 21508, 22901, 1653, 15148, 12496, 6179, 22691, 4164, 6868, 7525, 20562, 18000, 6610, 7635]
13, 2, 31.51, [2621, 21012, 7444, 11241, 14807, 7197, 2654, 570, 22691, 22901, 6179, 21508, 4164, 15148, 12496, 7525, 18000, 3652, 6610, 7635]
13, 3, 31.5, [2621, 21012, 13929, 14807, 2654, 14379, 3652, 12496, 22691, 6179, 21508, 11241, 4164, 22901, 7525, 15148, 18000, 6610, 7635, 570]
13, 4, 31.27, [2621, 21012, 13929, 14807, 2654, 7197, 6868, 12496, 22691, 6179, 21508, 11241, 4164, 22901, 7525, 15148, 18000, 20562, 6610, 3652]
13, 5, 31.24, [2621, 21012, 13929, 14807, 1653, 7197, 6868, 12496, 22691, 6179, 21508, 11241, 4164, 22901, 7525, 15148, 18000, 3652, 6610, 7635]
13, 6, 31.11, [2621, 21012, 7444, 11241, 14807, 7197, 1653, 570, 22691, 22901, 6179, 21281, 4164, 15148, 12496, 7525, 18000, 20562, 6610, 7635]
13, 7, 31.04, [2621, 21012, 7444, 11241, 14807, 7197, 1653, 570, 22691, 22901, 6179, 21508, 4164, 15148, 12496, 14379, 18000, 20562, 6610, 7635]
13, 8, 30.9, [2621, 21012, 12851, 2741, 7444, 7197, 18444, 22691, 2654, 1653, 14807, 6179, 21508, 7525, 12496, 18000, 6868, 20562, 6610, 7635]
13, 9, 30.86, [2621, 21012, 1653, 7444, 14807, 7197, 11241, 3652, 570, 22691, 6179, 22901, 21508, 4164, 7525, 15148, 12496, 18000, 6610, 7635]
14, 0, 31.88, [2621, 21012, 13929, 14807, 2654, 7197, 6868, 24718, 22691, 6179, 21508, 11241, 4164, 22901, 7525, 15148, 18000, 20562, 6610, 7635]
14, 1, 31.76, [2621, 21012, 13929, 14807, 2654, 570, 7197, 12496, 3652, 6179, 22691, 21508, 4164, 7525, 11241, 5210, 22901, 18000, 6610, 7635]
14, 2, 31.68, [2621, 21012, 21281, 14807, 2654, 22691, 7197, 773, 7525, 6868, 21508, 23293, 24718, 11241, 15148, 22901, 18000, 20562, 6610, 7635]
14, 3, 31.59, [3824, 21012, 7444, 6868, 14807, 7197, 2654, 11241, 24718, 20562, 6179, 22691, 22901, 21508, 4164, 7525, 15148, 18000, 6610, 7635]
14, 4, 31.24, [2621, 21012, 13929, 14807, 1653, 7197, 12496, 22691, 6868, 6179, 21508, 12781, 7525, 11241, 22901, 15148, 18000, 20562, 6610, 7635]
14, 5, 31.02, [18866, 21012, 11241, 17807, 7444, 7197, 2741, 6179, 22901, 1653, 21508, 22691, 4164, 7525, 12496, 18000, 20562, 2654, 6610, 7635]
14, 6, 31.02, [2621, 21012, 7444, 11241, 14807, 7197, 2654, 24718, 22901, 22691, 6179, 88, 4164, 15148, 7525, 18000, 20562, 6868, 6610, 7635]
14, 7, 30.86, [2621, 21012, 13929, 14807, 2654, 5210, 7197, 6179, 2623, 6868, 21508, 4164, 24718, 11241, 15148, 22901, 18000, 20562, 6610, 14648]
14, 8, 30.67, [2621, 21012, 2654, 14807, 7444, 7197, 15148, 6179, 22901, 1653, 21508, 22691, 4164, 7525, 12496, 18000, 20562, 6868, 6610, 7635]
15, 0, 31.95, [2621, 21012, 6868, 24955, 2654, 13929, 7197, 24718, 3652, 5210, 22691, 6179, 21508, 4164, 7525, 11241, 22901, 18000, 6610, 7635]
15, 1, 31.88, [2621, 21012, 13929, 14807, 2654, 7197, 6868, 24718, 22691, 6179, 21508, 11241, 4164, 22901, 7525, 15148, 18000, 20562, 6610, 7635]
15, 2, 31.31, [2621, 21012, 570, 14807, 2654, 13929, 12496, 7197, 15148, 20562, 22691, 6179, 21508, 4164, 7525, 7956, 18000, 6610, 7635, 22901]
15, 3, 31.16, [2621, 21012, 3820, 3372, 2654, 11241, 7197, 18225, 18894, 6868, 22691, 21508, 24718, 6179, 4164, 7525, 22901, 15148, 18000, 6610]
15, 4, 31.11, [2621, 21012, 19446, 14807, 2654, 13929, 7197, 21508, 17692, 6868, 22887, 6179, 22691, 7525, 11241, 15148, 5131, 18000, 20562, 6610]
15, 5, 30.98, [2621, 21012, 24718, 14807, 2654, 13929, 7197, 3283, 4164, 6868, 7635, 6179, 22691, 7525, 11241, 15148, 22901, 18000, 20562, 46]
15, 6, 30.86, [2621, 2980, 2654, 14807, 13929, 7197, 6179, 4164, 6868, 7635, 22691, 24718, 21508, 7525, 11241, 22901, 15148, 18000, 20562, 6610]
15, 7, 30.75, [2621, 21012, 13929, 5134, 2654, 20562, 7197, 7635, 22691, 6868, 21508, 6179, 24718, 4164, 7525, 11241, 22901, 15148, 18000, 6610]
15, 8, 30.47, [2621, 21012, 18444, 14807, 11700, 7197, 12496, 21281, 6868, 19423, 22691, 24718, 21508, 7525, 11241, 22901, 15148, 18000, 20562, 6610]
16, 0, 31.99, [2621, 21012, 6868, 14540, 2654, 3652, 20562, 7197, 22691, 13929, 21508, 24718, 6179, 4164, 7525, 11241, 18000, 6610, 22901, 7635]
16, 1, 31.95, [2621, 21012, 6868, 24955, 2654, 13929, 7197, 24718, 3652, 5210, 22691, 6179, 21508, 4164, 7525, 11241, 22901, 18000, 6610, 7635]
16, 2, 31.34, [2621, 21012, 14807, 13929, 2654, 6456, 7197, 5210, 6868, 22691, 21508, 24718, 6179, 4164, 7525, 22901, 11241, 18000, 6610, 7635]
16, 3, 31.22, [2621, 21012, 14807, 13929, 2654, 15148, 7197, 5210, 6868, 22691, 21508, 24718, 6179, 9283, 7525, 22901, 11241, 18000, 6610, 7635]
16, 4, 31.06, [2621, 21012, 6868, 24955, 2654, 3652, 20562, 7197, 22691, 13929, 21508, 24718, 6179, 4164, 7525, 11241, 18000, 6610, 9433, 7635]
16, 5, 30.8, [2621, 21012, 6868, 24955, 2654, 2535, 5210, 7197, 6610, 3283, 13929, 8879, 22691, 21508, 3652, 4164, 7525, 11241, 18000, 22901]
16, 6, 30.78, [2621, 21012, 6868, 24955, 2654, 6830, 7197, 13929, 6179, 24718, 5210, 22691, 4146, 3652, 4164, 7525, 11241, 6610, 22901, 7635]
16, 7, 30.56, [2621, 21012, 6868, 24955, 2654, 24718, 18225, 7197, 3372, 7635, 13929, 18894, 22691, 21508, 3652, 4164, 7525, 11241, 18000, 22901]
17, 0, 32.36, [2621, 21012, 6868, 16654, 2654, 6179, 14540, 7525, 7197, 22691, 20562, 21508, 4164, 13929, 11241, 24718, 18000, 6610, 7635, 22901]
17, 1, 31.99, [2621, 21012, 6868, 14540, 2654, 3652, 20562, 7197, 22691, 13929, 21508, 24718, 6179, 4164, 7525, 11241, 18000, 6610, 22901, 7635]
17, 2, 31.96, [2621, 21012, 6868, 3652, 2654, 20635, 14540, 2741, 7197, 22691, 21847, 21508, 4164, 13929, 11241, 24718, 18000, 6610, 7635, 22901]
17, 3, 31.47, [2621, 21012, 14807, 6456, 21860, 13929, 20562, 7197, 22691, 21508, 6868, 6179, 4164, 7525, 11241, 24718, 18000, 22901, 6610, 7635]
17, 4, 31.35, [2621, 21012, 6868, 14540, 2654, 3655, 5210, 22691, 7197, 21508, 6179, 4164, 7525, 13929, 11241, 24718, 18000, 6610, 7635, 22901]
17, 5, 30.84, [17600, 21012, 6868, 14540, 2654, 3652, 5210, 22691, 7197, 21508, 6179, 4164, 7525, 13929, 11241, 24718, 18000, 6610, 7635, 22901]
17, 6, 30.73, [2621, 21012, 14807, 6456, 2654, 13929, 20562, 7197, 22691, 21508, 6868, 25758, 4164, 7525, 11241, 24718, 18000, 22901, 6610, 7635]
18, 0, 32.36, [2621, 21012, 6868, 16654, 2654, 6179, 14540, 7525, 7197, 22691, 20562, 21508, 4164, 13929, 11241, 24718, 18000, 6610, 7635, 22901]
18, 1, 31.76, [2621, 21012, 6868, 3652, 2654, 21508, 14540, 9869, 7197, 22691, 20562, 6179, 4164, 13929, 25271, 24718, 18000, 6610, 7635, 22901]
18, 2, 31.62, [2621, 21012, 6868, 21281, 2654, 4513, 18778, 6179, 21508, 7197, 14540, 22691, 4164, 13929, 20562, 17692, 24718, 18000, 7635, 22901]
18, 3, 31.48, [6456, 21012, 6868, 20574, 2654, 7525, 6610, 6179, 21508, 7197, 14540, 22691, 4164, 13929, 20562, 11241, 24718, 18000, 7635, 22901]
18, 4, 31.19, [2621, 12710, 17824, 15148, 2654, 21508, 16654, 10350, 22691, 7525, 14540, 7197, 13929, 20562, 11241, 24718, 18000, 6610, 7635, 22901]
18, 5, 30.83, [2621, 21012, 6179, 6868, 2654, 6525, 16654, 4164, 22691, 7525, 14540, 7197, 13929, 20562, 11241, 24718, 18000, 16159, 7635, 22901]
19, 0, 32.36, [2621, 21012, 6868, 16654, 2654, 6179, 14540, 7525, 7197, 22691, 20562, 21508, 4164, 13929, 11241, 24718, 18000, 6610, 7635, 22901]
19, 1, 32.32, [2621, 21012, 15933, 19961, 2654, 16654, 24718, 21281, 22691, 7197, 14540, 6179, 7525, 20562, 4164, 13929, 11241, 6610, 88, 22901]
19, 2, 32.03, [2621, 21012, 6868, 9869, 2654, 22504, 18000, 7635, 6179, 7197, 14540, 21508, 7525, 22691, 20562, 13929, 11241, 24718, 6610, 22901]
19, 3, 31.6, [2621, 21012, 6868, 88, 2654, 4164, 12365, 20108, 6179, 7197, 14540, 21508, 7525, 22691, 20562, 13929, 11241, 24718, 6830, 22901]
19, 4, 31.46, [2621, 21012, 12802, 3652, 2654, 9869, 11241, 6179, 21508, 7197, 14540, 22691, 4164, 13929, 20562, 24718, 18000, 6610, 7635, 22901]
19, 5, 30.9, [2621, 21012, 6868, 16654, 2654, 7525, 25271, 6179, 21508, 7197, 14540, 22691, 4164, 13929, 2952, 24718, 18000, 6610, 7635, 22901]
20, 0, 32.36, [2621, 21012, 6868, 16654, 2654, 6179, 14540, 7525, 7197, 22691, 20562, 21508, 4164, 13929, 11241, 24718, 18000, 6610, 7635, 22901]
20, 1, 31.67, [2621, 21012, 15933, 19961, 2654, 21281, 7635, 16654, 6179, 24718, 7197, 22691, 4164, 24479, 13929, 14540, 20562, 11241, 6610, 22901]
20, 2, 31.67, [15003, 21012, 17819, 2654, 16654, 2952, 6179, 21508, 7197, 14540, 22691, 7525, 20562, 4164, 13929, 11241, 24718, 6610, 19645, 22901]
20, 3, 31.38, [2621, 21012, 6868, 21847, 16654, 18000, 6179, 21508, 7197, 14540, 22691, 7525, 20562, 4164, 13929, 11241, 24718, 7444, 7635, 22901]
20, 4, 31.29, [231, 21012, 6868, 19961, 2654, 16654, 21281, 88, 6179, 7197, 14540, 22691, 7525, 20562, 4164, 13929, 11241, 24718, 6610, 22901]
20, 5, 31.08, [2621, 21012, 3652, 21508, 2654, 16654, 18000, 88, 6179, 7197, 14540, 22691, 7525, 20562, 4164, 13929, 11241, 24718, 6610, 22901]
21, 0, 32.36, [2621, 21012, 6868, 16654, 2654, 6179, 14540, 7525, 7197, 22691, 20562, 21508, 4164, 13929, 11241, 24718, 18000, 6610, 7635, 22901]
21, 1, 31.96, [15003, 21012, 17819, 2654, 18000, 7635, 16654, 6179, 21508, 7197, 19446, 4164, 7525, 14540, 13929, 20562, 11241, 24718, 6610, 22901]
21, 2, 31.6, [2621, 21012, 15933, 7525, 2654, 21508, 18000, 6179, 7635, 22691, 16654, 7197, 4164, 13929, 24718, 11241, 14540, 231, 6610, 22901]
21, 3, 31.31, [2621, 21012, 6868, 7525, 2654, 16654, 21281, 24479, 6179, 7197, 14540, 22691, 17819, 20562, 13929, 11241, 24718, 6610, 7635, 22901]
21, 4, 31.24, [2621, 7956, 6868, 2952, 2654, 16654, 19645, 6179, 21508, 7197, 14540, 22691, 7525, 20562, 4164, 13929, 11241, 24718, 6610, 22901]
21, 5, 31.08, [2621, 21012, 6868, 19961, 2654, 16654, 21281, 24479, 6179, 7197, 14540, 22691, 4164, 20562, 13929, 11241, 24718, 7635, 6525, 22901]
21, 6, 30.75, [2621, 21012, 15933, 19961, 2654, 21508, 18000, 7635, 6179, 22691, 16654, 7197, 18225, 13929, 24718, 11241, 14540, 20562, 6610, 22901]
22, 0, 32.36, [2621, 21012, 6868, 16654, 2654, 6179, 14540, 7525, 7197, 22691, 20562, 21508, 4164, 13929, 11241, 24718, 18000, 6610, 7635, 22901]
22, 1, 31.64, [15003, 21012, 6868, 2654, 22691, 6179, 7635, 18000, 21508, 4164, 7197, 16654, 7525, 13929, 11241, 14540, 19114, 20562, 6610, 22901]
22, 2, 31.53, [2621, 21012, 6868, 231, 2654, 16654, 6179, 21508, 22691, 7197, 14540, 4164, 7525, 14379, 11241, 24718, 18000, 6610, 7635, 22901]
22, 3, 31.32, [2621, 21012, 22887, 19446, 2654, 16654, 6179, 21508, 4164, 7197, 14540, 7525, 13929, 20562, 11241, 24718, 18000, 6610, 7635, 22901]
22, 4, 31.18, [15003, 21012, 17819, 2654, 22691, 6179, 18000, 7635, 12660, 4164, 7197, 16654, 7525, 13929, 11241, 14540, 24718, 20562, 6610, 22901]
22, 5, 31.05, [21847, 11472, 21012, 2654, 15933, 19961, 22901, 18000, 7635, 6179, 7197, 21508, 16654, 19446, 4164, 13929, 11241, 14540, 20562, 6610]
22, 6, 30.95, [2621, 21012, 3652, 19446, 2654, 16654, 6179, 21508, 4164, 7197, 14540, 7525, 13929, 20562, 11241, 24718, 18000, 7635, 6610, 22901]
22, 7, 30.79, [2621, 21012, 15933, 20562, 2654, 7525, 6179, 21508, 18000, 6340, 7635, 4164, 7197, 13929, 11241, 16654, 14540, 24718, 6610, 22901]
23, 0, 32.36, [2621, 21012, 6868, 16654, 2654, 6179, 14540, 7525, 7197, 22691, 20562, 21508, 4164, 13929, 11241, 24718, 18000, 6610, 7635, 22901]
23, 1, 32.17, [2621, 21012, 25346, 14540, 2654, 16654, 12710, 6179, 21508, 7197, 22691, 7525, 4164, 20562, 13929, 11241, 24718, 18866, 6610, 22901]
23, 2, 32.0, [2621, 21012, 6868, 20562, 13929, 14379, 16654, 6179, 21508, 7197, 22691, 14540, 4164, 7525, 11241, 24718, 18000, 6610, 7635, 22901]
23, 3, 31.35, [2621, 21012, 6868, 231, 2654, 13929, 6179, 21508, 16654, 22691, 7197, 2952, 7525, 11241, 14540, 24718, 18000, 6610, 7635, 22901]
23, 4, 31.23, [2621, 21012, 6868, 20562, 2654, 14379, 16654, 6179, 21508, 7197, 22691, 14540, 4164, 7525, 11241, 24718, 18000, 6610, 7635, 2623]
23, 5, 31.2, [2621, 13597, 22887, 22691, 2654, 6179, 21508, 16654, 4164, 7525, 7197, 13929, 11241, 14540, 24718, 18000, 20562, 6610, 7635, 22901]
23, 6, 30.92, [2621, 21012, 6868, 19446, 2654, 16654, 6179, 21508, 4164, 7197, 14540, 9433, 13929, 20562, 11241, 24718, 18000, 6610, 7635, 22901]
23, 7, 30.76, [2621, 21012, 6868, 231, 2654, 16654, 18000, 6179, 18866, 2952, 21508, 22691, 7525, 20562, 4164, 13929, 11241, 24718, 6610, 22901]
23, 8, 30.39, [2621, 21012, 6868, 231, 2654, 13929, 6179, 21508, 16654, 22691, 7197, 4164, 7525, 11241, 14540, 24718, 18000, 14379, 7635, 22901]
24, 0, 32.36, [2621, 21012, 6868, 16654, 2654, 6179, 14540, 7525, 7197, 22691, 20562, 21508, 4164, 13929, 11241, 24718, 18000, 6610, 7635, 22901]
24, 1, 31.9, [2621, 21012, 6868, 12710, 2654, 16654, 18866, 6179, 15148, 7197, 14540, 22691, 7525, 20562, 4164, 13929, 11241, 24718, 6610, 22901]
24, 2, 31.89, [2621, 21012, 25346, 18000, 2654, 1653, 7635, 16654, 6179, 21508, 7197, 22691, 4164, 7525, 13929, 11241, 20562, 24718, 6610, 22901]
24, 3, 31.86, [2621, 21012, 6868, 4834, 2654, 16654, 18866, 6179, 21508, 7197, 14540, 22691, 7525, 20562, 4164, 13929, 11241, 24718, 6610, 22901]
24, 4, 31.72, [2621, 21012, 6868, 12710, 2654, 16654, 18866, 6179, 21508, 7197, 14540, 22691, 7525, 20562, 4164, 13929, 11241, 5131, 6610, 22901]
24, 5, 31.7, [2621, 21012, 25346, 18000, 2654, 14540, 7635, 16654, 6179, 21508, 7197, 22691, 4164, 7525, 6340, 11241, 20562, 24718, 6610, 22901]
24, 6, 31.64, [2621, 21012, 17600, 15933, 16654, 1995, 6179, 21508, 7197, 14540, 22691, 7525, 20562, 4164, 13929, 24718, 570, 6610, 7635, 22901]
24, 7, 31.63, [2621, 21012, 25346, 18000, 2654, 14540, 7635, 16654, 6179, 21508, 7197, 22691, 4164, 7525, 13929, 11241, 20562, 24718, 6610, 4755]
24, 8, 31.22, [2621, 21012, 11472, 15933, 14379, 9656, 13929, 6179, 16654, 7197, 21508, 22691, 4164, 7525, 11241, 14540, 18000, 6610, 7635, 22901]
24, 9, 31.13, [2621, 21012, 6868, 2654, 20562, 16654, 24718, 6179, 7197, 21508, 14540, 22691, 22887, 4164, 13929, 11241, 18000, 6610, 7635, 22901]
25, 0, 32.36, [2621, 21012, 6868, 16654, 2654, 6179, 14540, 7525, 7197, 22691, 20562, 21508, 4164, 13929, 11241, 24718, 18000, 6610, 7635, 22901]
25, 1, 31.53, [2621, 21012, 6868, 12710, 2654, 18866, 7635, 6179, 16654, 22691, 7197, 4164, 1293, 13929, 11241, 14540, 24718, 20562, 6610, 22901]
25, 2, 31.5, [2621, 21012, 6868, 6179, 2654, 16654, 4755, 22691, 21508, 7197, 14540, 17824, 7525, 20562, 13929, 11241, 24718, 18000, 7635, 22901]
25, 3, 31.46, [2621, 21012, 6868, 21508, 2654, 18000, 16654, 15148, 6179, 7197, 22691, 14540, 4164, 7444, 20562, 13929, 11241, 24718, 6610, 22901]
25, 4, 31.43, [2621, 21012, 25346, 18000, 2654, 1653, 7635, 14540, 6179, 16654, 22691, 7197, 4164, 7525, 13929, 11241, 5210, 20562, 6610, 22901]
25, 5, 31.41, [2621, 21012, 6868, 21508, 2654, 18866, 16654, 15148, 6179, 7197, 22691, 14540, 4164, 7525, 20562, 7956, 11241, 24718, 6610, 22901]
25, 6, 31.27, [7956, 21012, 6868, 12710, 2654, 18866, 15148, 16654, 21508, 6179, 7197, 22691, 4164, 7525, 13929, 11241, 20562, 24718, 6610, 22901]
25, 7, 31.23, [2621, 21012, 25346, 18000, 2654, 1653, 15148, 14540, 18225, 16654, 22691, 7197, 4164, 7525, 13929, 11241, 24718, 20562, 6610, 22901]
25, 8, 30.96, [2621, 21012, 6868, 12710, 2654, 18866, 7635, 16654, 21508, 6179, 7197, 17692, 4164, 7525, 13929, 11241, 20562, 24718, 6610, 22901]
25, 9, 30.89, [2621, 4513, 6868, 2530, 2654, 16654, 14807, 22691, 21508, 7197, 14540, 4164, 7525, 14766, 13929, 11241, 24718, 18000, 7635, 22901]
25, 10, 30.45, [2621, 21012, 6868, 12710, 2654, 18000, 7635, 6179, 12496, 22691, 7197, 4164, 7525, 13929, 11241, 14540, 24718, 20562, 6610, 22901]
26, 0, 32.41, [2621, 21012, 6868, 21281, 2654, 16654, 13929, 24718, 6179, 7197, 6830, 21508, 22691, 20562, 4164, 11241, 18000, 6610, 7635, 22901]
26, 1, 32.36, [2621, 21012, 6868, 16654, 2654, 6179, 14540, 7525, 7197, 22691, 20562, 21508, 4164, 13929, 11241, 24718, 18000, 6610, 7635, 22901]
26, 2, 32.35, [2621, 21012, 6868, 14157, 2654, 16654, 4513, 25346, 22691, 7197, 14540, 6179, 21281, 20562, 4164, 13929, 11241, 6610, 7635, 22901]
26, 3, 31.71, [2621, 21012, 6868, 18866, 2654, 16654, 6512, 6610, 22691, 7197, 14540, 21508, 7525, 20562, 4164, 13929, 11241, 24479, 7635, 22901]
26, 4, 31.44, [2621, 21012, 20635, 6179, 2654, 23293, 18000, 12851, 22691, 7197, 14540, 21508, 7525, 20562, 4164, 13929, 11241, 24718, 7635, 22901]
26, 5, 31.34, [2621, 21012, 6868, 4755, 2654, 6610, 9785, 21508, 16654, 22691, 7197, 7525, 13929, 11241, 14540, 24718, 18000, 20562, 7635, 22901]
26, 6, 31.3, [2621, 21012, 25346, 21508, 2654, 18000, 24718, 22691, 7635, 6179, 4164, 14540, 7197, 7525, 16654, 13929, 11241, 20562, 18444, 22901]
26, 7, 31.3, [2621, 21012, 6868, 4164, 2654, 17824, 16654, 6179, 21508, 7197, 22691, 14540, 7525, 773, 20562, 11241, 24718, 18000, 7635, 22901]
26, 8, 31.29, [2621, 21012, 15010, 7525, 2654, 16654, 5131, 2741, 6179, 7197, 14540, 21508, 22691, 20562, 4164, 11241, 18000, 6610, 19423, 22901]
26, 9, 31.15, [2621, 21012, 4834, 21508, 2654, 16654, 24718, 18000, 22691, 7197, 14540, 6179, 17655, 20562, 4164, 13929, 11241, 6610, 7635, 22901]
26, 10, 30.97, [2621, 21012, 6868, 4164, 2654, 17824, 16654, 6179, 21508, 7197, 22691, 14540, 7525, 13929, 20562, 8879, 24718, 18000, 7635, 22901]
26, 11, 30.67, [2621, 21012, 6868, 1653, 2654, 16654, 5210, 6525, 6179, 7197, 14540, 4164, 7525, 20562, 13929, 11241, 18000, 7635, 6610, 22901]
27, 0, 32.41, [2621, 21012, 6868, 21281, 2654, 16654, 13929, 24718, 6179, 7197, 6830, 21508, 22691, 20562, 4164, 11241, 18000, 6610, 7635, 22901]
27, 1, 32.19, [2621, 21012, 6868, 13929, 2654, 6830, 8448, 21281, 16654, 6179, 7197, 21508, 24718, 22691, 4164, 11241, 20562, 6610, 7635, 17824]
27, 2, 32.11, [2621, 21012, 6868, 21281, 2654, 7525, 6179, 21508, 16654, 22691, 7197, 13929, 24718, 4164, 11241, 18000, 20562, 6610, 7635, 26039]
27, 3, 31.88, [2621, 21012, 6868, 14540, 2654, 23293, 16654, 6179, 21508, 7197, 22691, 4164, 13929, 11241, 20562, 24718, 18000, 6610, 7635, 22901]
27, 4, 31.53, [2621, 21012, 6868, 14540, 2654, 6830, 16654, 6179, 21508, 7197, 22691, 4164, 13929, 11241, 20562, 24718, 18000, 6610, 7635, 14379]
27, 5, 31.45, [2621, 21012, 6868, 17692, 2654, 25346, 14157, 3372, 14766, 4513, 7197, 21281, 22691, 6179, 4164, 14540, 13929, 20562, 18444, 6610]
27, 6, 31.45, [2621, 21012, 6868, 7956, 2654, 12710, 2530, 21281, 16654, 6179, 7197, 21508, 24718, 22691, 4164, 11241, 18000, 6610, 7635, 22901]
27, 7, 31.35, [2621, 21012, 6868, 13929, 2654, 231, 18866, 21281, 16654, 22691, 7197, 6179, 4164, 11241, 6830, 18000, 20562, 6610, 7635, 22901]
27, 8, 31.28, [2621, 21012, 6868, 570, 2654, 24718, 14540, 21281, 16654, 773, 7197, 6179, 4164, 12496, 6830, 18000, 20562, 6610, 7635, 22901]
27, 9, 31.25, [2621, 21012, 6868, 21281, 2654, 7525, 6179, 21508, 16654, 22691, 7197, 13929, 2535, 4164, 11241, 18000, 20562, 6610, 7635, 22901]
27, 10, 31.06, [2621, 21012, 6868, 16654, 2654, 6512, 14157, 7635, 22901, 4513, 7197, 21281, 15148, 6179, 4164, 14540, 13929, 20562, 11241, 6610]
28, 0, 32.78, [2621, 21012, 6868, 231, 2654, 22901, 21281, 6179, 21508, 22691, 4164, 7197, 16654, 13929, 11241, 24718, 18000, 20562, 6610, 7635]
28, 1, 32.53, [2621, 21012, 6868, 2212, 2654, 18000, 21281, 6179, 16654, 21508, 7197, 13929, 24718, 22691, 6830, 11241, 20562, 6610, 7635, 22901]
28, 2, 32.41, [2621, 21012, 6868, 21281, 2654, 16654, 13929, 24718, 6179, 7197, 6830, 21508, 22691, 20562, 4164, 11241, 18000, 6610, 7635, 22901]
28, 3, 32.03, [2621, 21012, 6868, 6830, 2654, 26039, 21281, 6179, 16654, 21508, 2338, 13929, 24718, 22691, 4164, 11241, 18000, 20562, 6610, 7635]
28, 4, 31.87, [2621, 21012, 6868, 6179, 2654, 20562, 26039, 21281, 7525, 22691, 21508, 7197, 1995, 4164, 13929, 11241, 24718, 18000, 6610, 7635]
28, 5, 31.71, [2621, 21012, 6868, 6830, 2654, 18000, 13929, 26039, 21281, 6179, 21508, 7197, 16654, 22691, 4164, 11241, 24718, 20562, 6610, 22901]
28, 6, 31.6, [2621, 21012, 6868, 6179, 2654, 18444, 21508, 21281, 16654, 22691, 7197, 13929, 24718, 4164, 11241, 3652, 20562, 6610, 7635, 22901]
28, 7, 31.54, [8727, 21012, 4511, 15933, 2654, 5131, 21281, 6179, 16654, 21508, 7197, 13929, 24718, 22691, 6830, 11241, 20562, 6610, 7635, 22901]
28, 8, 31.47, [2621, 21012, 6868, 14157, 2654, 18225, 6512, 21281, 7525, 22691, 21508, 7197, 16654, 4164, 13929, 15010, 24718, 18000, 6610, 7635]
28, 9, 31.37, [2621, 21012, 6868, 15933, 2654, 21847, 1293, 21281, 16654, 22691, 7197, 13929, 24718, 4164, 11241, 18000, 20562, 6610, 7635, 22901]
28, 10, 30.98, [2621, 21012, 6868, 7525, 2654, 8448, 17824, 21281, 6179, 17600, 22691, 7197, 16654, 4164, 13929, 11241, 24718, 20562, 6610, 7635]
29, 0, 32.78, [2621, 21012, 6868, 231, 2654, 22901, 21281, 6179, 21508, 22691, 4164, 7197, 16654, 13929, 11241, 24718, 18000, 20562, 6610, 7635]
29, 1, 32.0, [2621, 21012, 6868, 4513, 2654, 21281, 24955, 22901, 18000, 6179, 22691, 7197, 9572, 16654, 11241, 24718, 6830, 20562, 6610, 7635]
29, 2, 31.87, [17692, 21012, 6868, 2212, 2654, 4164, 21281, 6179, 18000, 21508, 22691, 7197, 13929, 16654, 11241, 24718, 20562, 6610, 7635, 22901]
29, 3, 31.67, [2621, 2212, 21012, 6868, 2654, 7197, 4164, 21281, 6179, 18000, 21508, 22691, 13929, 15010, 11241, 24718, 6830, 20562, 6610, 7635]
29, 4, 31.52, [2621, 7444, 21012, 6868, 2654, 2338, 22901, 6830, 21281, 6179, 21508, 22691, 13929, 16654, 11241, 24718, 18000, 20562, 6610, 7635]
29, 5, 31.37, [2621, 231, 21012, 6868, 2654, 26039, 2338, 21281, 6179, 21508, 22691, 4164, 13929, 11241, 24718, 16654, 18000, 20562, 6610, 25758]
29, 6, 31.29, [2621, 21012, 6868, 6525, 12802, 22901, 231, 4755, 11241, 21281, 22691, 7197, 21508, 2741, 24718, 16654, 18000, 20562, 6610, 7635]
29, 7, 31.14, [2621, 21012, 24955, 2654, 6179, 22901, 231, 4164, 20108, 21281, 22691, 7197, 21508, 13929, 24718, 16654, 18000, 20562, 6610, 7635]
29, 8, 31.13, [2621, 22887, 6868, 2212, 2654, 15010, 21508, 3372, 18000, 6179, 22691, 7197, 13929, 16654, 11241, 24718, 6830, 20562, 6610, 7635]
29, 9, 31.04, [2621, 18778, 21012, 6868, 2654, 22901, 7197, 21281, 6179, 21508, 22691, 4164, 16654, 13929, 11241, 24718, 18000, 20562, 6610, 7635]
30, 0, 32.78, [2621, 21012, 6868, 231, 2654, 22901, 21281, 6179, 21508, 22691, 4164, 7197, 16654, 13929, 11241, 24718, 18000, 20562, 6610, 7635]
30, 1, 32.34, [2621, 21012, 6868, 231, 2654, 19423, 22901, 9572, 6830, 21281, 6179, 22691, 7197, 11241, 24718, 16654, 18000, 20562, 6610, 7635]
30, 2, 32.06, [2621, 21012, 6868, 2654, 773, 22901, 231, 20562, 7635, 21281, 6179, 7197, 21508, 22691, 13929, 11241, 16654, 24718, 18000, 6610]
30, 3, 31.83, [2621, 21012, 6868, 21281, 2654, 24955, 24718, 4513, 22901, 15933, 6179, 22691, 7197, 18000, 9572, 11241, 16654, 6830, 15659, 6610]
30, 4, 31.82, [2621, 21012, 6868, 2212, 2654, 21281, 22901, 6179, 21508, 22691, 4164, 13929, 7197, 11241, 24718, 16654, 18000, 15659, 6610, 7635]
30, 5, 31.55, [2621, 21012, 6868, 23293, 4164, 14157, 231, 7525, 20574, 21281, 6179, 7197, 21508, 22691, 13929, 11241, 16654, 24718, 18000, 6610]
30, 6, 31.31, [2621, 21012, 6868, 7525, 2654, 9785, 9869, 4513, 22901, 7635, 6179, 22691, 7197, 18000, 9572, 11241, 16654, 6830, 20562, 24955]
30, 7, 31.27, [17692, 21012, 6868, 231, 2654, 21281, 6179, 21508, 4164, 22691, 13929, 18000, 7197, 11241, 24718, 16654, 20562, 6610, 2449, 22901]
30, 8, 31.13, [2621, 21012, 6868, 231, 2654, 15010, 6830, 21281, 6179, 21508, 22691, 4164, 7197, 13929, 11241, 24718, 17600, 20562, 6610, 7635]
30, 9, 31.1, [2621, 2212, 21012, 6868, 2654, 22901, 7197, 16654, 21281, 6179, 4164, 13411, 22691, 18000, 13929, 11241, 24718, 20562, 6610, 7635]
31, 0, 32.78, [2621, 21012, 6868, 231, 2654, 22901, 21281, 6179, 21508, 22691, 4164, 7197, 16654, 13929, 11241, 24718, 18000, 20562, 6610, 7635]
31, 1, 32.06, [2621, 21012, 6868, 2654, 773, 2212, 22901, 21281, 22691, 231, 7635, 20562, 7197, 21508, 13929, 11241, 24718, 16654, 18000, 6610]
31, 2, 31.81, [2621, 21012, 6868, 24955, 2654, 4513, 15933, 21281, 13929, 22901, 24718, 20562, 7635, 7197, 6179, 22691, 11241, 16654, 7525, 6610]
31, 3, 31.8, [2621, 21012, 6868, 231, 2654, 4513, 20108, 7635, 21281, 6179, 21508, 22691, 7197, 4164, 13929, 11241, 24718, 18000, 20562, 6610]
31, 4, 31.72, [2621, 21012, 6868, 19423, 2654, 4164, 231, 22901, 13929, 21281, 6179, 22691, 11241, 7197, 24718, 16654, 18000, 20562, 15457, 7635]
31, 5, 31.64, [2621, 21012, 2741, 2952, 2654, 16654, 22901, 88, 21281, 6179, 21508, 22691, 7197, 4164, 13929, 11241, 15148, 18000, 20562, 6610]
31, 6, 31.44, [2621, 21012, 2535, 231, 2654, 21508, 22901, 4164, 9572, 6830, 15659, 21281, 7197, 6179, 22691, 11241, 24718, 16654, 18000, 6610]
31, 7, 31.41, [2621, 21012, 14540, 6179, 2654, 231, 22901, 3890, 21281, 22691, 21508, 13929, 7197, 11241, 24718, 16654, 18000, 20562, 6610, 7635]
31, 8, 31.34, [2621, 21012, 6868, 24955, 2654, 4513, 20562, 21281, 7635, 22901, 24718, 21508, 13929, 7197, 6179, 2212, 11241, 16654, 18000, 6610]
31, 9, 31.24, [2621, 21012, 6868, 21508, 2654, 9572, 22901, 231, 773, 21281, 6179, 22691, 7197, 11241, 24718, 16654, 18000, 20562, 6610, 7635]
32, 0, 32.78, [2621, 21012, 6868, 231, 2654, 22901, 21281, 6179, 21508, 22691, 4164, 7197, 16654, 13929, 11241, 24718, 18000, 20562, 6610, 7635]
32, 1, 32.49, [2621, 21012, 6868, 2654, 773, 4164, 21281, 22901, 22691, 21508, 231, 2338, 7635, 7197, 11241, 24718, 16654, 20562, 18000, 6610]
32, 2, 32.46, [2621, 21012, 6868, 2654, 3372, 4164, 21281, 22901, 22691, 21508, 231, 13929, 11241, 7197, 24718, 7635, 16654, 20562, 18000, 6610]
32, 3, 32.17, [2621, 21012, 15457, 5131, 2654, 22691, 231, 13929, 6610, 21281, 6179, 21508, 7197, 4164, 11241, 24718, 16654, 18000, 20562, 7635]
32, 4, 32.1, [15003, 21012, 6868, 2654, 21508, 2741, 21281, 22901, 10350, 22691, 2212, 231, 13929, 7197, 11241, 7635, 24718, 20562, 16654, 6610]
32, 5, 31.92, [2621, 21012, 6868, 6179, 2654, 2212, 22901, 231, 21281, 22691, 21508, 13929, 7197, 11241, 24718, 16654, 7525, 20562, 6610, 7635]
32, 6, 31.74, [2621, 21012, 6868, 14373, 2654, 21508, 22901, 14766, 14540, 21281, 6179, 22691, 7197, 4164, 13929, 2530, 16654, 18000, 6610, 7635]
32, 7, 31.56, [23293, 21012, 6868, 2654, 2535, 18000, 21281, 22901, 773, 22691, 17692, 231, 13929, 7197, 11241, 7635, 24718, 20562, 16654, 6610]
32, 8, 31.53, [2621, 21012, 6868, 231, 2654, 2338, 22901, 11241, 20562, 21281, 6179, 22691, 45, 4164, 13929, 24718, 16654, 18000, 6610, 7635]
32, 9, 31.46, [2621, 21012, 6868, 6179, 25758, 2212, 22901, 231, 21281, 22691, 21508, 13929, 7197, 11241, 24718, 16654, 18000, 20562, 7635, 6610]
32, 10, 30.91, [2621, 21012, 6868, 22901, 2654, 17655, 231, 12365, 20108, 21281, 6179, 21508, 7197, 4164, 11241, 24718, 16654, 18000, 20562, 7635]
33, 0, 32.78, [2621, 21012, 6868, 231, 2654, 22901, 21281, 6179, 21508, 22691, 4164, 7197, 16654, 13929, 11241, 24718, 18000, 20562, 6610, 7635]
33, 1, 32.49, [2621, 21012, 6868, 2654, 773, 13929, 21281, 22691, 14379, 4164, 21508, 231, 11241, 24718, 7197, 7635, 16654, 18000, 20562, 6610]
33, 2, 32.48, [15003, 21012, 6868, 2654, 2741, 10350, 18000, 21508, 22901, 17824, 22691, 231, 13929, 11241, 7197, 24718, 16654, 20562, 7635, 6610]
33, 3, 32.24, [2621, 21012, 6868, 2654, 773, 4164, 2338, 13929, 22901, 21281, 22691, 21508, 231, 11241, 7197, 24718, 16654, 7635, 20562, 18225]
33, 4, 31.9, [2621, 21012, 6868, 2654, 2623, 15010, 20562, 21281, 22901, 4164, 22691, 21508, 231, 13929, 7197, 24718, 16654, 18000, 6610, 7635]
33, 5, 31.62, [25346, 21012, 6868, 6179, 2654, 2338, 22901, 231, 21281, 22691, 21508, 4164, 7197, 11241, 24718, 16654, 18000, 20562, 6610, 7635]
33, 6, 31.6, [2621, 22901, 21012, 6868, 2654, 7197, 13929, 12802, 1995, 21281, 6179, 21508, 22691, 4164, 24718, 16654, 18000, 20562, 6610, 7635]
33, 7, 31.53, [14807, 21012, 6868, 6179, 2654, 11241, 22901, 231, 22504, 21281, 22691, 21508, 7197, 4164, 13929, 24718, 16654, 18000, 6610, 7635]
33, 8, 31.49, [2621, 21012, 6868, 6179, 2654, 2338, 22901, 231, 21281, 22691, 21508, 4164, 7197, 11241, 24718, 16654, 3824, 20562, 6610, 7635]
33, 9, 31.33, [2621, 12781, 6868, 6179, 2654, 4164, 22901, 231, 2212, 21281, 22691, 21508, 7197, 13929, 11241, 24718, 16654, 20562, 6610, 7635]
33, 10, 31.32, [2621, 21012, 6868, 2654, 773, 13929, 21281, 22691, 22901, 4164, 21508, 231, 11241, 8879, 7197, 7635, 16654, 18000, 20562, 6610]
33, 11, 31.23, [15003, 21012, 6868, 2654, 2741, 10350, 2212, 21508, 22901, 18000, 21281, 22691, 231, 11241, 7197, 24718, 24955, 20562, 7635, 6610]
34, 0, 32.78, [2621, 21012, 6868, 231, 2654, 22901, 21281, 6179, 21508, 22691, 4164, 7197, 16654, 13929, 11241, 24718, 18000, 20562, 6610, 7635]
34, 1, 32.58, [2621, 21012, 6868, 1995, 773, 6179, 21281, 22691, 13929, 21508, 4164, 231, 11241, 24718, 16654, 7197, 18000, 7635, 20562, 6610]
34, 2, 32.16, [2621, 21012, 6868, 2654, 19446, 21281, 22691, 21508, 18866, 4164, 231, 14379, 11241, 24718, 16654, 7197, 18000, 20562, 7635, 6610]
34, 3, 32.06, [2621, 21012, 6868, 2654, 773, 13929, 6610, 21281, 4164, 22901, 9869, 22691, 21508, 231, 11241, 7197, 24718, 16654, 20562, 7635]
34, 4, 32.05, [2621, 21012, 6868, 2654, 6512, 6179, 21281, 22691, 13929, 21508, 4164, 231, 11241, 24718, 16654, 7197, 18000, 7635, 20562, 6610]
34, 5, 32.05, [2621, 21012, 6868, 22901, 2654, 14379, 231, 21281, 22691, 21508, 4164, 13929, 7197, 11241, 24718, 16654, 18000, 8879, 6610, 7635]
34, 6, 32.01, [25346, 21012, 6868, 6179, 2654, 18000, 18225, 22901, 21281, 2338, 22691, 231, 21508, 7197, 4164, 11241, 24718, 773, 20562, 7635]
34, 7, 31.94, [2621, 21012, 1995, 4164, 2654, 231, 22901, 6610, 21281, 6179, 21508, 22691, 7197, 9785, 11241, 24718, 16654, 18000, 20562, 7635]
34, 8, 31.75, [2621, 21012, 6868, 2654, 773, 21281, 22901, 19939, 13929, 22691, 21508, 231, 11241, 24718, 16654, 7197, 18000, 20562, 7635, 6610]
34, 9, 31.59, [2621, 21012, 25758, 22887, 2654, 231, 22901, 8727, 21281, 6179, 21508, 22691, 7197, 13929, 11241, 24718, 16654, 18000, 20562, 7635]
34, 10, 31.29, [2621, 21012, 6868, 22901, 2654, 14379, 231, 21281, 22691, 21508, 15244, 13929, 7197, 11241, 24718, 16654, 18000, 20562, 6610, 7635]
34, 11, 31.23, [15003, 21012, 6868, 2654, 2741, 10350, 14379, 4164, 22691, 18000, 21508, 231, 13929, 11241, 19446, 7197, 16654, 20562, 7635, 6610]
34, 12, 30.94, [2621, 21012, 6868, 2654, 22691, 22901, 2338, 17819, 13929, 4164, 231, 14379, 11241, 24718, 16654, 7197, 18000, 20562, 7635, 6610]
35, 0, 33.02, [2621, 21012, 6868, 2654, 19446, 18866, 14379, 9869, 21281, 22691, 21508, 4164, 231, 1293, 24718, 16654, 7197, 6610, 20562, 7635]
35, 1, 32.78, [2621, 21012, 6868, 231, 2654, 22901, 21281, 6179, 21508, 22691, 4164, 7197, 16654, 13929, 11241, 24718, 18000, 20562, 6610, 7635]
35, 2, 32.29, [2621, 21012, 6868, 2654, 773, 18000, 21281, 22691, 13929, 6610, 22901, 21508, 12851, 231, 11241, 24718, 7197, 16654, 20562, 7635]
35, 3, 32.19, [2621, 21012, 2741, 2654, 773, 18000, 21281, 22691, 13929, 6610, 22901, 21508, 4164, 231, 11241, 24718, 7197, 16654, 20562, 7635]
35, 4, 32.13, [12496, 21012, 6868, 22901, 2654, 18866, 231, 14379, 21281, 22691, 21508, 4164, 7197, 11241, 24718, 16654, 18000, 20562, 6610, 7635]
35, 5, 31.96, [2621, 570, 6868, 6179, 2654, 9869, 22901, 231, 21281, 22691, 21508, 4164, 7197, 13929, 11241, 24718, 16654, 6610, 20562, 7635]
35, 6, 31.85, [2621, 21012, 6868, 1995, 22901, 21281, 6179, 21508, 22691, 4164, 13929, 231, 11241, 24718, 16654, 7197, 18000, 20562, 12802, 6610]
35, 7, 31.75, [2621, 21012, 6868, 6179, 2654, 9869, 22901, 231, 21281, 22691, 21508, 4164, 7197, 13929, 11241, 24718, 16654, 20562, 6610, 5131]
35, 8, 31.69, [1293, 21012, 6868, 2654, 773, 13929, 22901, 18000, 21281, 6610, 22691, 21508, 4164, 231, 11241, 24718, 7197, 16654, 20562, 7635]
35, 9, 31.63, [7525, 21012, 6868, 15457, 17807, 22901, 4164, 14766, 21281, 6179, 21508, 7197, 22691, 13929, 11241, 16654, 18000, 20562, 6610, 7635]
35, 10, 31.57, [2621, 21012, 6868, 231, 2654, 22901, 14157, 24718, 21281, 6179, 21508, 7197, 22691, 13929, 11241, 16654, 18000, 20562, 6610, 18778]
35, 11, 31.48, [2621, 21012, 6868, 2654, 19446, 6179, 13929, 21281, 22691, 21508, 4164, 231, 12802, 24718, 16654, 18000, 7197, 20562, 6610, 7635]
35, 12, 31.43, [2621, 21012, 6868, 6179, 2654, 9869, 22901, 231, 21281, 22691, 21508, 4164, 2449, 13929, 11241, 24718, 16654, 6610, 20562, 7635]
35, 13, 31.43, [2621, 21012, 6868, 2654, 773, 18000, 21281, 22691, 13929, 21847, 22901, 21508, 4164, 231, 11241, 24718, 7197, 16654, 20562, 7635]
36, 0, 33.02, [2621, 21012, 6868, 2654, 19446, 18866, 14379, 9869, 21281, 22691, 21508, 4164, 231, 1293, 24718, 16654, 7197, 6610, 20562, 7635]
36, 1, 32.01, [2621, 21012, 6868, 2654, 773, 18866, 14379, 15933, 4164, 1293, 21281, 22691, 6610, 21508, 231, 24718, 16654, 7197, 20562, 7635]
36, 2, 31.95, [2621, 21012, 3652, 2654, 1293, 19446, 17600, 20574, 18866, 21281, 14379, 9869, 22691, 21508, 4164, 231, 16654, 7197, 11472, 7635]
36, 3, 31.76, [2621, 21012, 6868, 2654, 19446, 18866, 13929, 22901, 4164, 11241, 21281, 22691, 21508, 231, 24718, 16654, 6610, 7197, 20562, 7635]
36, 4, 31.61, [2621, 21012, 6868, 1995, 22901, 7635, 14807, 6179, 21508, 22691, 4164, 231, 13929, 11241, 24718, 7197, 16654, 18000, 20562, 6610]
36, 5, 31.6, [2621, 21012, 6868, 2654, 12851, 19446, 24718, 6610, 18866, 21281, 14379, 9869, 22691, 21508, 4164, 231, 16654, 7197, 6179, 7635]
36, 6, 31.55, [2621, 21012, 6868, 2654, 19446, 6179, 13929, 11241, 18000, 21281, 22691, 21508, 24955, 231, 24718, 16654, 6610, 7197, 20562, 7635]
36, 7, 31.53, [2621, 21012, 6868, 2654, 19446, 17600, 13929, 22901, 12851, 11241, 21281, 22691, 21508, 231, 24718, 16654, 6610, 7197, 20562, 7635]
36, 8, 31.34, [2621, 21012, 6868, 2654, 773, 18000, 14379, 9869, 4164, 1293, 21281, 22691, 6610, 21508, 231, 24718, 16654, 7525, 20562, 7635]
36, 9, 31.18, [2621, 21012, 6868, 2654, 19446, 6179, 13929, 11241, 18000, 21281, 22691, 4511, 4164, 231, 24718, 16654, 20562, 7197, 6610, 7635]
36, 10, 31.06, [2621, 12496, 6868, 2654, 12802, 22901, 231, 21281, 6179, 21508, 22691, 7197, 4164, 13929, 11241, 24718, 16654, 18000, 20562, 6610]
36, 11, 31.04, [2621, 21012, 6868, 22901, 2654, 18866, 231, 14379, 9869, 1293, 21281, 14807, 7197, 21508, 4164, 24718, 16654, 20562, 6610, 7635]
36, 12, 30.84, [2621, 21012, 6868, 18000, 2654, 18866, 231, 14379, 9869, 1293, 21281, 22691, 7197, 21508, 4164, 24718, 16654, 6610, 20562, 7635]
37, 0, 33.02, [2621, 21012, 6868, 2654, 19446, 18866, 14379, 9869, 21281, 22691, 21508, 4164, 231, 1293, 24718, 16654, 7197, 6610, 20562, 7635]
37, 1, 32.57, [2621, 21012, 6868, 2654, 773, 9869, 21281, 22691, 18866, 21508, 14379, 4164, 231, 1293, 24718, 6610, 16654, 6179, 7197, 7635]
37, 2, 31.91, [2621, 21012, 6868, 2654, 773, 2530, 21281, 22691, 18866, 21508, 14379, 4164, 231, 1293, 24718, 6610, 16654, 20562, 7197, 7635]
37, 3, 31.88, [2621, 21012, 6868, 2654, 19446, 15933, 21281, 22691, 18866, 21508, 14379, 4164, 231, 3652, 24718, 16654, 6610, 7197, 20562, 7635]
37, 4, 31.65, [2621, 21012, 6868, 2654, 19446, 15933, 21281, 22691, 45, 21508, 14379, 4164, 231, 1293, 24718, 16654, 6610, 7197, 20562, 7635]
37, 5, 31.49, [2621, 21012, 6868, 2654, 19446, 15933, 21281, 22691, 18866, 21508, 14379, 4164, 231, 1293, 5210, 16654, 6610, 7197, 20562, 7635]
37, 6, 31.43, [2621, 21012, 3652, 2654, 24718, 6610, 13929, 1293, 20562, 21281, 22691, 18866, 21508, 4164, 231, 9869, 14379, 16654, 7197, 7635]
37, 7, 31.37, [2621, 21012, 6868, 2654, 19446, 18866, 1293, 3652, 21281, 14379, 9869, 22691, 21508, 4164, 231, 16654, 7197, 6610, 20562, 7635]
37, 8, 31.27, [2621, 21012, 6868, 15148, 19446, 9656, 19114, 14157, 21281, 14379, 9869, 22691, 21508, 4164, 231, 16654, 7197, 13929, 20562, 7635]
37, 9, 31.15, [2621, 21012, 6868, 2654, 773, 9869, 21281, 3652, 18866, 21508, 14379, 4164, 231, 1293, 24718, 6610, 16654, 20562, 7197, 7635]
37, 10, 30.68, [2621, 21012, 6868, 2654, 17600, 19446, 20574, 11472, 18866, 21281, 14379, 9869, 22691, 21508, 4164, 231, 3652, 7197, 16654, 7635]
37, 11, 30.62, [2621, 21012, 3652, 2654, 14379, 14807, 6179, 13929, 11241, 24718, 18000, 20562, 6610, 22691, 21508, 4164, 231, 7197, 16654, 7635]
37, 12, 30.48, [3652, 21012, 6868, 1995, 22901, 19446, 7635, 17600, 20574, 18866, 21281, 21508, 4164, 231, 14379, 7197, 22691, 9869, 11472, 16654]
